"";"Constituency.ID";"Constituency.Name";"State.ID";"State.Name"
"1";" 1";"Andaman & Nicobar Islands";"U01";"Andaman & Nicobar Islands"
"2";" 7";"Amalapuram";"S01";"Andhra Pradesh"
"3";"1";"Aruku";"S01";"Andhra Pradesh"
"4";"10";"Eluru";"S01";"Andhra Pradesh"
"5";"11";"Machilipatnam";"S01";"Andhra Pradesh"
"6";"12";"Vijayawada";"S01";"Andhra Pradesh"
"7";"13";"Guntur";"S01";"Andhra Pradesh"
"8";"14";"Narasaraopet";"S01";"Andhra Pradesh"
"9";"15";"Bapatla";"S01";"Andhra Pradesh"
"10";"16";"Ongole";"S01";"Andhra Pradesh"
"11";"17";"Nandyal";"S01";"Andhra Pradesh"
"12";"18";"Kurnool";"S01";"Andhra Pradesh"
"13";"19";"Anantapur";"S01";"Andhra Pradesh"
"14";"2";"Srikakulam";"S01";"Andhra Pradesh"
"15";"20";"Hindupur";"S01";"Andhra Pradesh"
"16";"21";"Kadapa";"S01";"Andhra Pradesh"
"17";"22";"Nellore";"S01";"Andhra Pradesh"
"18";"23";"Tirupati";"S01";"Andhra Pradesh"
"19";"24";"Rajampet";"S01";"Andhra Pradesh"
"20";"25";"Chittoor";"S01";"Andhra Pradesh"
"21";"3";"Vizianagaram";"S01";"Andhra Pradesh"
"22";"4";"Visakhapatnam";"S01";"Andhra Pradesh"
"23";"5";"Anakapalli";"S01";"Andhra Pradesh"
"24";"6";"Kakinada";"S01";"Andhra Pradesh"
"25";"8";"Rajahmundry";"S01";"Andhra Pradesh"
"26";"9";"Narsapuram";"S01";"Andhra Pradesh"
"27";" 2";"ARUNACHAL EAST";"S02";"Arunachal Pradesh"
"28";"1";"ARUNACHAL WEST";"S02";"Arunachal Pradesh"
"29";" 3";"Autonomous District";"S03";"Assam"
"30";"1";"Karimganj";"S03";"Assam"
"31";"10";"Nowgong";"S03";"Assam"
"32";"11";"Kaliabor";"S03";"Assam"
"33";"12";"Jorhat";"S03";"Assam"
"34";"13";"Dibrugarh";"S03";"Assam"
"35";"14";"Lakhimpur";"S03";"Assam"
"36";"2";"Silchar";"S03";"Assam"
"37";"4";"Dhubri";"S03";"Assam"
"38";"5";"Kokrajhar";"S03";"Assam"
"39";"6";"Barpeta";"S03";"Assam"
"40";"7";"Gauhati";"S03";"Assam"
"41";"8";"Mangaldoi";"S03";"Assam"
"42";"9";"Tezpur";"S03";"Assam"
"43";" 9";"Araria";"S04";"Bihar"
"44";"1";"Valmiki Nagar";"S04";"Bihar"
"45";"10";"Kishanganj";"S04";"Bihar"
"46";"11";"Katihar";"S04";"Bihar"
"47";"12";"Purnia";"S04";"Bihar"
"48";"13";"Madhepura";"S04";"Bihar"
"49";"14";"Darbhanga";"S04";"Bihar"
"50";"15";"Muzaffarpur";"S04";"Bihar"
"51";"16";"Vaishali";"S04";"Bihar"
"52";"17";"Gopalganj (SC)";"S04";"Bihar"
"53";"18";"Siwan";"S04";"Bihar"
"54";"19";"Maharajganj";"S04";"Bihar"
"55";"2";"Paschim Champaran";"S04";"Bihar"
"56";"20";"Saran";"S04";"Bihar"
"57";"21";"Hajipur (SC)";"S04";"Bihar"
"58";"22";"Ujiarpur";"S04";"Bihar"
"59";"23";"Samastipur (SC)";"S04";"Bihar"
"60";"24";"Begusarai";"S04";"Bihar"
"61";"25";"Khagaria";"S04";"Bihar"
"62";"26";"Bhagalpur";"S04";"Bihar"
"63";"27";"Banka";"S04";"Bihar"
"64";"28";"Munger";"S04";"Bihar"
"65";"29";"Nalanda";"S04";"Bihar"
"66";"3";"Purvi Champaran";"S04";"Bihar"
"67";"30";"Patna Sahib";"S04";"Bihar"
"68";"31";"Pataliputra";"S04";"Bihar"
"69";"32";"Arrah";"S04";"Bihar"
"70";"33";"Buxar";"S04";"Bihar"
"71";"34";"Sasaram (SC)";"S04";"Bihar"
"72";"35";"Karakat";"S04";"Bihar"
"73";"36";"Jahanabad";"S04";"Bihar"
"74";"37";"Aurangabad";"S04";"Bihar"
"75";"38";"Gaya (SC)";"S04";"Bihar"
"76";"39";"Nawada";"S04";"Bihar"
"77";"4";"Sheohar";"S04";"Bihar"
"78";"40";"Jamui (SC)";"S04";"Bihar"
"79";"5";"Sitamarhi";"S04";"Bihar"
"80";"6";"Madhubani";"S04";"Bihar"
"81";"7";"Jhanjharpur";"S04";"Bihar"
"82";"8";"Supaul";"S04";"Bihar"
"83";" 1";"CHANDIGARH";"U02";"Chandigarh"
"84";" 10";"BASTAR";"S26";"Chhattisgarh"
"85";"1";"SARGUJA";"S26";"Chhattisgarh"
"86";"11";"KANKER";"S26";"Chhattisgarh"
"87";"2";"RAIGARH";"S26";"Chhattisgarh"
"88";"3";"JANJGIR-CHAMPA";"S26";"Chhattisgarh"
"89";"4";"KORBA";"S26";"Chhattisgarh"
"90";"5";"BILASPUR";"S26";"Chhattisgarh"
"91";"6";"RAJNANDGAON";"S26";"Chhattisgarh"
"92";"7";"DURG";"S26";"Chhattisgarh"
"93";"8";"RAIPUR";"S26";"Chhattisgarh"
"94";"9";"MAHASAMUND";"S26";"Chhattisgarh"
"95";" 1";"Dadra And Nagar Haveli";"U03";"Dadra & Nagar Haveli"
"96";" 1";"Daman & diu";"U04";"Daman & Diu"
"97";" 1";"North Goa";"S05";"Goa"
"98";"2";"South Goa";"S05";"Goa"
"99";" 7";"Ahmedabad East";"S06";"Gujarat"
"100";"1";"Kachchh";"S06";"Gujarat"
"101";"10";"Rajkot";"S06";"Gujarat"
"102";"11";"Porbandar";"S06";"Gujarat"
"103";"12";"Jamnagar";"S06";"Gujarat"
"104";"13";"Junagadh";"S06";"Gujarat"
"105";"14";"Amreli";"S06";"Gujarat"
"106";"15";"Bhavnagar";"S06";"Gujarat"
"107";"16";"Anand";"S06";"Gujarat"
"108";"17";"Kheda";"S06";"Gujarat"
"109";"18";"Panchmahal";"S06";"Gujarat"
"110";"19";"Dahod";"S06";"Gujarat"
"111";"2";"Banaskantha";"S06";"Gujarat"
"112";"20";"Vadodara";"S06";"Gujarat"
"113";"21";"Chhota Udaipur";"S06";"Gujarat"
"114";"22";"Bharuch";"S06";"Gujarat"
"115";"23";"Bardoli";"S06";"Gujarat"
"116";"24";"Surat";"S06";"Gujarat"
"117";"25";"Navsari";"S06";"Gujarat"
"118";"26";"Valsad";"S06";"Gujarat"
"119";"3";"Patan";"S06";"Gujarat"
"120";"4";"Mahesana";"S06";"Gujarat"
"121";"5";"Sabarkantha";"S06";"Gujarat"
"122";"6";"Gandhinagar";"S06";"Gujarat"
"123";"8";"Ahmedabad West";"S06";"Gujarat"
"124";"9";"Surendranagar";"S06";"Gujarat"
"125";" 1";"Ambala";"S07";"Haryana"
"126";"10";"Faridabad";"S07";"Haryana"
"127";"2";"Kurukshetra";"S07";"Haryana"
"128";"3";"Sirsa";"S07";"Haryana"
"129";"4";"Hisar";"S07";"Haryana"
"130";"5";"Karnal";"S07";"Haryana"
"131";"6";"Sonipat";"S07";"Haryana"
"132";"7";"Rohtak";"S07";"Haryana"
"133";"8";"Bhiwani-Mahendragarh";"S07";"Haryana"
"134";"9";"Gurgaon";"S07";"Haryana"
"135";" 3";"Hamirpur";"S08";"Himachal Pradesh"
"136";"1";"Kangra";"S08";"Himachal Pradesh"
"137";"2";"Mandi";"S08";"Himachal Pradesh"
"138";"4";"Shimla";"S08";"Himachal Pradesh"
"139";" 3";"Anantnag";"S09";"Jammu & Kashmir"
"140";"1";"Baramulla";"S09";"Jammu & Kashmir"
"141";"2";"Srinagar";"S09";"Jammu & Kashmir"
"142";"4";"Ladakh";"S09";"Jammu & Kashmir"
"143";"5";"Udhampur";"S09";"Jammu & Kashmir"
"144";"6";"Jammu";"S09";"Jammu & Kashmir"
"145";" 4";"Chatra";"S27";"Jharkhand"
"146";"1";"Rajmahal";"S27";"Jharkhand"
"147";"10";"Singhbhum";"S27";"Jharkhand"
"148";"11";"Khunti";"S27";"Jharkhand"
"149";"12";"Lohardaga";"S27";"Jharkhand"
"150";"13";"Palamau";"S27";"Jharkhand"
"151";"14";"Hazaribagh";"S27";"Jharkhand"
"152";"2";"Dumka";"S27";"Jharkhand"
"153";"3";"Godda";"S27";"Jharkhand"
"154";"5";"Kodarma";"S27";"Jharkhand"
"155";"6";"Giridih";"S27";"Jharkhand"
"156";"7";"Dhanbad";"S27";"Jharkhand"
"157";"8";"Ranchi";"S27";"Jharkhand"
"158";"9";"Jamshedpur";"S27";"Jharkhand"
"159";" 3";"Bagalkot";"S10";"Karnataka"
"160";"1";"Chikkodi";"S10";"Karnataka"
"161";"10";"Haveri";"S10";"Karnataka"
"162";"11";"Dharwad";"S10";"Karnataka"
"163";"12";"Uttara Kannada";"S10";"Karnataka"
"164";"13";"Davanagere";"S10";"Karnataka"
"165";"14";"Shimoga";"S10";"Karnataka"
"166";"15";"Udupi Chikmagalur";"S10";"Karnataka"
"167";"16";"Hassan";"S10";"Karnataka"
"168";"17";"Dakshina Kannada";"S10";"Karnataka"
"169";"18";"Chitradurga";"S10";"Karnataka"
"170";"19";"Tumkur";"S10";"Karnataka"
"171";"2";"Belgaum";"S10";"Karnataka"
"172";"20";"Mandya";"S10";"Karnataka"
"173";"21";"Mysore";"S10";"Karnataka"
"174";"22";"Chamarajanagar";"S10";"Karnataka"
"175";"23";"Bangalore Rural";"S10";"Karnataka"
"176";"24";"Bangalore North";"S10";"Karnataka"
"177";"25";"Bangalore central";"S10";"Karnataka"
"178";"26";"Bangalore South";"S10";"Karnataka"
"179";"27";"Chikkballapur";"S10";"Karnataka"
"180";"28";"Kolar";"S10";"Karnataka"
"181";"4";"Bijapur";"S10";"Karnataka"
"182";"5";"Gulbarga";"S10";"Karnataka"
"183";"6";"Raichur";"S10";"Karnataka"
"184";"7";"Bidar";"S10";"Karnataka"
"185";"8";"Koppal";"S10";"Karnataka"
"186";"9";"Bellary";"S10";"Karnataka"
"187";" 15";"Alappuzha";"S11";"Kerala"
"188";"1";"Kasaragod";"S11";"Kerala"
"189";"10";"Thrissur";"S11";"Kerala"
"190";"11";"Chalakudy";"S11";"Kerala"
"191";"12";"Ernakulam";"S11";"Kerala"
"192";"13";"Idukki";"S11";"Kerala"
"193";"14";"Kottayam";"S11";"Kerala"
"194";"16";"Mavelikkara";"S11";"Kerala"
"195";"17";"Pathanamthitta";"S11";"Kerala"
"196";"18";"Kollam";"S11";"Kerala"
"197";"19";"Attingal";"S11";"Kerala"
"198";"2";"Kannur";"S11";"Kerala"
"199";"20";"Thiruvananthapuram";"S11";"Kerala"
"200";"3";"Vadakara";"S11";"Kerala"
"201";"4";"Wayanad";"S11";"Kerala"
"202";"5";"Kozhikode";"S11";"Kerala"
"203";"6";"Malappuram";"S11";"Kerala"
"204";"7";"Ponnani";"S11";"Kerala"
"205";"8";"Palakkad";"S11";"Kerala"
"206";"9";"Alathur";"S11";"Kerala"
"207";" 1";"Lakshadweep";"U06";"Lakshadweep"
"208";" 15";"BALAGHAT";"S12";"Madhya Pradesh"
"209";"1";"MORENA";"S12";"Madhya Pradesh"
"210";"10";"REWA";"S12";"Madhya Pradesh"
"211";"11";"SIDHI";"S12";"Madhya Pradesh"
"212";"12";"SHAHDOL";"S12";"Madhya Pradesh"
"213";"13";"JABALPUR";"S12";"Madhya Pradesh"
"214";"14";"MANDLA";"S12";"Madhya Pradesh"
"215";"16";"CHHINDWARA";"S12";"Madhya Pradesh"
"216";"17";"HOSHANGABAD";"S12";"Madhya Pradesh"
"217";"18";"VIDISHA";"S12";"Madhya Pradesh"
"218";"19";"BHOPAL";"S12";"Madhya Pradesh"
"219";"2";"BHIND";"S12";"Madhya Pradesh"
"220";"20";"RAJGARH";"S12";"Madhya Pradesh"
"221";"21";"DEWAS";"S12";"Madhya Pradesh"
"222";"22";"UJJAIN";"S12";"Madhya Pradesh"
"223";"23";"MANDSOUR";"S12";"Madhya Pradesh"
"224";"24";"RATLAM";"S12";"Madhya Pradesh"
"225";"25";"DHAR";"S12";"Madhya Pradesh"
"226";"26";"INDORE";"S12";"Madhya Pradesh"
"227";"27";"KHARGONE";"S12";"Madhya Pradesh"
"228";"28";"KHANDWA";"S12";"Madhya Pradesh"
"229";"29";"BETUL";"S12";"Madhya Pradesh"
"230";"3";"GWALIOR";"S12";"Madhya Pradesh"
"231";"4";"GUNA";"S12";"Madhya Pradesh"
"232";"5";"SAGAR";"S12";"Madhya Pradesh"
"233";"6";"TIKAMGARH";"S12";"Madhya Pradesh"
"234";"7";"DAMOH";"S12";"Madhya Pradesh"
"235";"8";"KHAJURAHO";"S12";"Madhya Pradesh"
"236";"9";"SATNA";"S12";"Madhya Pradesh"
"237";" 37";"Ahmadnagar";"S13";"Maharashtra"
"238";"1";"Nandurbar";"S13";"Maharashtra"
"239";"10";"Nagpur";"S13";"Maharashtra"
"240";"11";"Bhandara - gondiya";"S13";"Maharashtra"
"241";"12";"Gadchiroli-Chimur";"S13";"Maharashtra"
"242";"13";"Chandrapur";"S13";"Maharashtra"
"243";"14";"Yavatmal-Washim";"S13";"Maharashtra"
"244";"15";"Hingoli";"S13";"Maharashtra"
"245";"16";"Nanded";"S13";"Maharashtra"
"246";"17";"Parbhani";"S13";"Maharashtra"
"247";"18";"Jalna";"S13";"Maharashtra"
"248";"19";"Aurangabad";"S13";"Maharashtra"
"249";"2";"Dhule";"S13";"Maharashtra"
"250";"20";"Dindori";"S13";"Maharashtra"
"251";"21";"Nashik";"S13";"Maharashtra"
"252";"22";"Palghar";"S13";"Maharashtra"
"253";"23";"Bhiwandi";"S13";"Maharashtra"
"254";"24";"Kalyan";"S13";"Maharashtra"
"255";"25";"Thane";"S13";"Maharashtra"
"256";"26";"Mumbai North";"S13";"Maharashtra"
"257";"27";"Mumbai North West";"S13";"Maharashtra"
"258";"28";"Mumbai North East";"S13";"Maharashtra"
"259";"29";"Mumbai North central";"S13";"Maharashtra"
"260";"3";"Jalgaon";"S13";"Maharashtra"
"261";"30";"Mumbai South central";"S13";"Maharashtra"
"262";"31";"Mumbai   South";"S13";"Maharashtra"
"263";"32";"Raigad";"S13";"Maharashtra"
"264";"33";"Maval";"S13";"Maharashtra"
"265";"34";"Pune";"S13";"Maharashtra"
"266";"35";"Baramati";"S13";"Maharashtra"
"267";"36";"Shirur";"S13";"Maharashtra"
"268";"38";"Shirdi";"S13";"Maharashtra"
"269";"39";"Beed";"S13";"Maharashtra"
"270";"4";"Raver";"S13";"Maharashtra"
"271";"40";"Osmanabad";"S13";"Maharashtra"
"272";"41";"Latur";"S13";"Maharashtra"
"273";"42";"Solapur";"S13";"Maharashtra"
"274";"43";"Madha";"S13";"Maharashtra"
"275";"44";"Sangli";"S13";"Maharashtra"
"276";"45";"Satara";"S13";"Maharashtra"
"277";"46";"Ratnagiri - sindhudurg";"S13";"Maharashtra"
"278";"47";"Kolhapur";"S13";"Maharashtra"
"279";"48";"Hatkanangle";"S13";"Maharashtra"
"280";"5";"Buldhana";"S13";"Maharashtra"
"281";"6";"Akola";"S13";"Maharashtra"
"282";"7";"Amravati";"S13";"Maharashtra"
"283";"8";"Wardha";"S13";"Maharashtra"
"284";"9";"Ramtek";"S13";"Maharashtra"
"285";" 1";"Inner manipur";"S14";"Manipur"
"286";"2";"Outer manipur";"S14";"Manipur"
"287";" 1";"Shillong";"S15";"Meghalaya"
"288";"2";"Tura";"S15";"Meghalaya"
"289";" 1";"MIZORAM";"S16";"Mizoram"
"290";" 1";"Nagaland";"S17";"Nagaland"
"291";" 1";"CHANDNI CHOWK";"U05";"NCT OF Delhi"
"292";"2";"NORTH EAST DELHI";"U05";"NCT OF Delhi"
"293";"3";"EAST DELHI";"U05";"NCT OF Delhi"
"294";"4";"NEW DELHI";"U05";"NCT OF Delhi"
"295";"5";"NORTH WEST DELHI";"U05";"NCT OF Delhi"
"296";"6";"WEST DELHI";"U05";"NCT OF Delhi"
"297";"7";"SOUTH DELHI";"U05";"NCT OF Delhi"
"298";" 19";"Aska";"S18";"Odisha"
"299";"1";"Bargarh";"S18";"Odisha"
"300";"10";"Bolangir";"S18";"Odisha"
"301";"11";"Kalahandi";"S18";"Odisha"
"302";"12";"Nabarangpur";"S18";"Odisha"
"303";"13";"Kandhamal";"S18";"Odisha"
"304";"14";"Cuttack";"S18";"Odisha"
"305";"15";"Kendrapara";"S18";"Odisha"
"306";"16";"Jagatsinghpur";"S18";"Odisha"
"307";"17";"Puri";"S18";"Odisha"
"308";"18";"Bhubaneswar";"S18";"Odisha"
"309";"2";"Sundargarh";"S18";"Odisha"
"310";"20";"Berhampur";"S18";"Odisha"
"311";"21";"Koraput";"S18";"Odisha"
"312";"3";"Sambalpur";"S18";"Odisha"
"313";"4";"Keonjhar";"S18";"Odisha"
"314";"5";"Mayurbhanj";"S18";"Odisha"
"315";"6";"Balasore";"S18";"Odisha"
"316";"7";"Bhadrak";"S18";"Odisha"
"317";"8";"Jajpur";"S18";"Odisha"
"318";"9";"Dhenkanal";"S18";"Odisha"
"319";" 1";"Puducherry";"U07";"Puducherry"
"320";" 2";"Amritsar";"S19";"Punjab"
"321";"1";"Gurdaspur";"S19";"Punjab"
"322";"10";"Firozpur";"S19";"Punjab"
"323";"11";"Bathinda";"S19";"Punjab"
"324";"12";"Sangrur";"S19";"Punjab"
"325";"13";"Patiala";"S19";"Punjab"
"326";"3";"Khadoor Sahib";"S19";"Punjab"
"327";"4";"Jalandhar";"S19";"Punjab"
"328";"5";"Hoshiarpur";"S19";"Punjab"
"329";"6";"Anandpur Sahib";"S19";"Punjab"
"330";"7";"Ludhiana";"S19";"Punjab"
"331";"8";"Fatehgarh Sahib";"S19";"Punjab"
"332";"9";"Faridkot";"S19";"Punjab"
"333";" 13";"Ajmer";"S20";"Rajasthan"
"334";"1";"Ganganagar";"S20";"Rajasthan"
"335";"10";"KARAULI-DHOLPUR";"S20";"Rajasthan"
"336";"11";"Dausa";"S20";"Rajasthan"
"337";"12";"TONK-SAWAI MADHOPUR";"S20";"Rajasthan"
"338";"14";"Nagaur";"S20";"Rajasthan"
"339";"15";"Pali";"S20";"Rajasthan"
"340";"16";"Jodhpur";"S20";"Rajasthan"
"341";"17";"Barmer";"S20";"Rajasthan"
"342";"18";"Jalore";"S20";"Rajasthan"
"343";"19";"Udaipur";"S20";"Rajasthan"
"344";"2";"Bikaner (SC)";"S20";"Rajasthan"
"345";"20";"Banswara";"S20";"Rajasthan"
"346";"21";"Chittorgarh";"S20";"Rajasthan"
"347";"22";"Rajsamand";"S20";"Rajasthan"
"348";"23";"Bhilwara";"S20";"Rajasthan"
"349";"24";"Kota";"S20";"Rajasthan"
"350";"25";"JHALAWAR-BARAN";"S20";"Rajasthan"
"351";"3";"Churu";"S20";"Rajasthan"
"352";"4";"Jhunjhunu";"S20";"Rajasthan"
"353";"5";"Sikar";"S20";"Rajasthan"
"354";"6";"Jaipur Rural";"S20";"Rajasthan"
"355";"7";"Jaipur";"S20";"Rajasthan"
"356";"8";"Alwar";"S20";"Rajasthan"
"357";"9";"BHARATPUR";"S20";"Rajasthan"
"358";" 1";"Sikkim";"S21";"Sikkim"
"359";" 7";"Arakkonam";"S22";"Tamil Nadu"
"360";"1";"Thiruvallur";"S22";"Tamil Nadu"
"361";"10";"Dharmapuri";"S22";"Tamil Nadu"
"362";"11";"Tiruvannamalai";"S22";"Tamil Nadu"
"363";"12";"Arani";"S22";"Tamil Nadu"
"364";"13";"Viluppuram";"S22";"Tamil Nadu"
"365";"14";"Kallakurichi";"S22";"Tamil Nadu"
"366";"15";"Salem";"S22";"Tamil Nadu"
"367";"16";"Namakkal";"S22";"Tamil Nadu"
"368";"17";"Erode";"S22";"Tamil Nadu"
"369";"18";"Tiruppur";"S22";"Tamil Nadu"
"370";"19";"Nilgiris";"S22";"Tamil Nadu"
"371";"2";"Chennai North";"S22";"Tamil Nadu"
"372";"20";"Coimbatore";"S22";"Tamil Nadu"
"373";"21";"Pollachi";"S22";"Tamil Nadu"
"374";"22";"Dindigul";"S22";"Tamil Nadu"
"375";"23";"Karur";"S22";"Tamil Nadu"
"376";"24";"Tiruchirappalli";"S22";"Tamil Nadu"
"377";"25";"Perambalur";"S22";"Tamil Nadu"
"378";"26";"Cuddalore";"S22";"Tamil Nadu"
"379";"27";"Chidambaram";"S22";"Tamil Nadu"
"380";"28";"Mayiladuthurai";"S22";"Tamil Nadu"
"381";"29";"Nagapattinam";"S22";"Tamil Nadu"
"382";"3";"Chennai South";"S22";"Tamil Nadu"
"383";"30";"Thanjavur";"S22";"Tamil Nadu"
"384";"31";"Sivaganga";"S22";"Tamil Nadu"
"385";"32";"Madurai";"S22";"Tamil Nadu"
"386";"33";"Theni";"S22";"Tamil Nadu"
"387";"34";"Virudhunagar";"S22";"Tamil Nadu"
"388";"35";"Ramanathapuram";"S22";"Tamil Nadu"
"389";"36";"Thoothukkudi";"S22";"Tamil Nadu"
"390";"37";"Tenkasi";"S22";"Tamil Nadu"
"391";"38";"Tirunelveli";"S22";"Tamil Nadu"
"392";"39";"Kanniyakumari";"S22";"Tamil Nadu"
"393";"4";"Chennai central";"S22";"Tamil Nadu"
"394";"5";"Sriperumbudur";"S22";"Tamil Nadu"
"395";"6";"Kancheepuram";"S22";"Tamil Nadu"
"396";"9";"Krishnagiri";"S22";"Tamil Nadu"
"397";" 1";"Adilabad";"S29";"Telangana"
"398";"10";"CHEVELLA";"S29";"Telangana"
"399";"11";"Mahbubnagar";"S29";"Telangana"
"400";"12";"Nagarkurnool";"S29";"Telangana"
"401";"13";"Nalgonda";"S29";"Telangana"
"402";"14";"Bhongir";"S29";"Telangana"
"403";"15";"Warangal";"S29";"Telangana"
"404";"16";"Mahabubabad";"S29";"Telangana"
"405";"17";"Khammam";"S29";"Telangana"
"406";"2";"Peddapalle";"S29";"Telangana"
"407";"3";"Karimnagar";"S29";"Telangana"
"408";"4";"Nizamabad";"S29";"Telangana"
"409";"5";"Zahirabad";"S29";"Telangana"
"410";"6";"Medak";"S29";"Telangana"
"411";"7";"Malkajgiri";"S29";"Telangana"
"412";"8";"Secundrabad";"S29";"Telangana"
"413";"9";"Hyderabad";"S29";"Telangana"
"414";" 2";"Tripura East";"S23";"Tripura"
"415";"1";"Tripura West";"S23";"Tripura"
"416";" 18";"Agra";"S24";"Uttar Pradesh"
"417";"1";"Saharanpur";"S24";"Uttar Pradesh"
"418";"10";"Meerut";"S24";"Uttar Pradesh"
"419";"11";"Baghpat";"S24";"Uttar Pradesh"
"420";"12";"Ghaziabad";"S24";"Uttar Pradesh"
"421";"13";"Gautam Buddha Nagar";"S24";"Uttar Pradesh"
"422";"14";"Bulandshahr";"S24";"Uttar Pradesh"
"423";"15";"Aligarh";"S24";"Uttar Pradesh"
"424";"16";"Hathras";"S24";"Uttar Pradesh"
"425";"17";"Mathura";"S24";"Uttar Pradesh"
"426";"19";"Fatehpur Sikri";"S24";"Uttar Pradesh"
"427";"2";"Kairana";"S24";"Uttar Pradesh"
"428";"20";"Firozabad";"S24";"Uttar Pradesh"
"429";"21";"Mainpuri";"S24";"Uttar Pradesh"
"430";"22";"Etah";"S24";"Uttar Pradesh"
"431";"23";"Badaun";"S24";"Uttar Pradesh"
"432";"24";"Aonla";"S24";"Uttar Pradesh"
"433";"25";"Bareilly";"S24";"Uttar Pradesh"
"434";"26";"Pilibhit";"S24";"Uttar Pradesh"
"435";"27";"Shahjahanpur";"S24";"Uttar Pradesh"
"436";"28";"Kheri";"S24";"Uttar Pradesh"
"437";"29";"Dhaurahra";"S24";"Uttar Pradesh"
"438";"3";"Muzaffarnagar";"S24";"Uttar Pradesh"
"439";"30";"Sitapur";"S24";"Uttar Pradesh"
"440";"31";"Hardoi";"S24";"Uttar Pradesh"
"441";"32";"Misrikh";"S24";"Uttar Pradesh"
"442";"33";"Unnao";"S24";"Uttar Pradesh"
"443";"34";"Mohanlalganj";"S24";"Uttar Pradesh"
"444";"35";"Lucknow";"S24";"Uttar Pradesh"
"445";"36";"Rae Bareli";"S24";"Uttar Pradesh"
"446";"37";"Amethi";"S24";"Uttar Pradesh"
"447";"38";"Sultanpur";"S24";"Uttar Pradesh"
"448";"39";"Pratapgarh";"S24";"Uttar Pradesh"
"449";"4";"Bijnor";"S24";"Uttar Pradesh"
"450";"40";"Farrukhabad";"S24";"Uttar Pradesh"
"451";"41";"Etawah";"S24";"Uttar Pradesh"
"452";"42";"Kannauj";"S24";"Uttar Pradesh"
"453";"43";"Kanpur";"S24";"Uttar Pradesh"
"454";"44";"Akbarpur";"S24";"Uttar Pradesh"
"455";"45";"Jalaun";"S24";"Uttar Pradesh"
"456";"46";"Jhansi";"S24";"Uttar Pradesh"
"457";"47";"Hamirpur";"S24";"Uttar Pradesh"
"458";"48";"Banda";"S24";"Uttar Pradesh"
"459";"49";"Fatehpur";"S24";"Uttar Pradesh"
"460";"5";"Nagina";"S24";"Uttar Pradesh"
"461";"50";"Kaushambi";"S24";"Uttar Pradesh"
"462";"51";"Phulpur";"S24";"Uttar Pradesh"
"463";"52";"Allahabad";"S24";"Uttar Pradesh"
"464";"53";"Barabanki";"S24";"Uttar Pradesh"
"465";"54";"Faizabad";"S24";"Uttar Pradesh"
"466";"55";"Ambedkar Nagar";"S24";"Uttar Pradesh"
"467";"56";"Bahraich";"S24";"Uttar Pradesh"
"468";"57";"Kaiserganj";"S24";"Uttar Pradesh"
"469";"58";"Shrawasti";"S24";"Uttar Pradesh"
"470";"59";"Gonda";"S24";"Uttar Pradesh"
"471";"6";"Moradabad";"S24";"Uttar Pradesh"
"472";"60";"Domariyaganj";"S24";"Uttar Pradesh"
"473";"61";"Basti";"S24";"Uttar Pradesh"
"474";"62";"Sant Kabir Nagar";"S24";"Uttar Pradesh"
"475";"63";"Maharajganj";"S24";"Uttar Pradesh"
"476";"64";"Gorakhpur";"S24";"Uttar Pradesh"
"477";"65";"Kushi Nagar";"S24";"Uttar Pradesh"
"478";"66";"Deoria";"S24";"Uttar Pradesh"
"479";"67";"Bansgaon";"S24";"Uttar Pradesh"
"480";"68";"Lalganj";"S24";"Uttar Pradesh"
"481";"69";"Azamgarh";"S24";"Uttar Pradesh"
"482";"7";"Rampur";"S24";"Uttar Pradesh"
"483";"70";"Ghosi";"S24";"Uttar Pradesh"
"484";"71";"Salempur";"S24";"Uttar Pradesh"
"485";"72";"Ballia";"S24";"Uttar Pradesh"
"486";"73";"Jaunpur";"S24";"Uttar Pradesh"
"487";"74";"Machhlishahr";"S24";"Uttar Pradesh"
"488";"75";"Ghazipur";"S24";"Uttar Pradesh"
"489";"76";"Chandauli";"S24";"Uttar Pradesh"
"490";"77";"Varanasi";"S24";"Uttar Pradesh"
"491";"78";"Bhadohi";"S24";"Uttar Pradesh"
"492";"79";"Mirzapur";"S24";"Uttar Pradesh"
"493";"8";"Sambhal";"S24";"Uttar Pradesh"
"494";"80";"Robertsganj";"S24";"Uttar Pradesh"
"495";"9";"Amroha";"S24";"Uttar Pradesh"
"496";" 3";"Almora";"S28";"Uttarakhand"
"497";"1";"Tehri Garhwal";"S28";"Uttarakhand"
"498";"2";"Garhwal";"S28";"Uttarakhand"
"499";"4";"Nainital-udhamsingh Nagar";"S28";"Uttarakhand"
"500";"5";"Hardwar";"S28";"Uttarakhand"
"501";" 2";"Alipurduars";"S25";"West Bengal"
"502";"1";"Cooch behar";"S25";"West Bengal"
"503";"10";"Baharampur";"S25";"West Bengal"
"504";"11";"Murshidabad";"S25";"West Bengal"
"505";"12";"Krishnanagar";"S25";"West Bengal"
"506";"13";"Ranaghat";"S25";"West Bengal"
"507";"14";"Bangaon";"S25";"West Bengal"
"508";"15";"Barrackpore";"S25";"West Bengal"
"509";"16";"Dum dum";"S25";"West Bengal"
"510";"17";"Barasat";"S25";"West Bengal"
"511";"18";"Basirhat";"S25";"West Bengal"
"512";"19";"Joynagar";"S25";"West Bengal"
"513";"20";"Mathurapur";"S25";"West Bengal"
"514";"21";"Diamond harbour";"S25";"West Bengal"
"515";"22";"Jadavpur";"S25";"West Bengal"
"516";"23";"Kolkata Dakshin";"S25";"West Bengal"
"517";"24";"Kolkata Uttar";"S25";"West Bengal"
"518";"25";"Howrah";"S25";"West Bengal"
"519";"26";"Uluberia";"S25";"West Bengal"
"520";"27";"Srerampur";"S25";"West Bengal"
"521";"28";"Hooghly";"S25";"West Bengal"
"522";"29";"Arambagh";"S25";"West Bengal"
"523";"3";"Jalpaiguri";"S25";"West Bengal"
"524";"30";"Tamluk";"S25";"West Bengal"
"525";"31";"Kanthi";"S25";"West Bengal"
"526";"32";"Ghatal";"S25";"West Bengal"
"527";"33";"Jhargram";"S25";"West Bengal"
"528";"34";"Medinipur";"S25";"West Bengal"
"529";"35";"Purulia";"S25";"West Bengal"
"530";"36";"Bankura";"S25";"West Bengal"
"531";"37";"Bishnupur";"S25";"West Bengal"
"532";"38";"Bardhaman Purba";"S25";"West Bengal"
"533";"39";"Bardhaman Durgapur";"S25";"West Bengal"
"534";"4";"Darjeeling";"S25";"West Bengal"
"535";"40";"Asansol";"S25";"West Bengal"
"536";"41";"Bolpur";"S25";"West Bengal"
"537";"42";"Birbhum";"S25";"West Bengal"
"538";"5";"Raiganj";"S25";"West Bengal"
"539";"6";"Balurghat";"S25";"West Bengal"
"540";"7";"Maldaha Uttar";"S25";"West Bengal"
"541";"8";"Maldaha Dakshin";"S25";"West Bengal"
"542";"9";"Jangipur";"S25";"West Bengal"
